observation_date,DTB3_20260430
9/30/2010,0.16
10/1/2010,0.16
10/4/2010,0.13
10/5/2010,0.12
10/6/2010,0.13
10/7/2010,0.13
10/8/2010,0.12
10/11/2010,
10/12/2010,0.13
10/13/2010,0.13
10/14/2010,0.14
10/15/2010,0.14
10/18/2010,0.15
10/19/2010,0.14
10/20/2010,0.14
10/21/2010,0.13
10/22/2010,0.13
10/25/2010,0.14
10/26/2010,0.14
10/27/2010,0.14
10/28/2010,0.13
10/29/2010,0.12
11/1/2010,0.13
11/2/2010,0.13
11/3/2010,0.13
11/4/2010,0.13
11/5/2010,0.13
11/8/2010,0.13
11/9/2010,0.13
11/10/2010,0.13
11/11/2010,
11/12/2010,0.13
11/15/2010,0.14
11/16/2010,0.15
11/17/2010,0.14
11/18/2010,0.15
11/19/2010,0.14
11/22/2010,0.15
11/23/2010,0.15
11/24/2010,0.16
11/25/2010,
11/26/2010,0.16
11/29/2010,0.18
11/30/2010,0.17
12/1/2010,0.16
12/2/2010,0.16
12/3/2010,0.14
12/6/2010,0.15
12/7/2010,0.14
12/8/2010,0.15
12/9/2010,0.14
12/10/2010,0.13
12/13/2010,0.15
12/14/2010,0.15
12/15/2010,0.14
12/16/2010,0.13
12/17/2010,0.11
12/20/2010,0.14
12/21/2010,0.14
12/22/2010,0.14
12/23/2010,0.14
12/24/2010,
12/27/2010,0.17
12/28/2010,0.15
12/29/2010,0.13
12/30/2010,0.12
12/31/2010,0.12
1/3/2011,0.15
1/4/2011,0.14
1/5/2011,0.14
1/6/2011,0.15
1/7/2011,0.14
1/10/2011,0.15
1/11/2011,0.15
1/12/2011,0.15
1/13/2011,0.15
1/14/2011,0.15
1/17/2011,
1/18/2011,0.16
1/19/2011,0.16
1/20/2011,0.16
1/21/2011,0.16
1/24/2011,0.16
1/25/2011,0.16
1/26/2011,0.16
1/27/2011,0.15
1/28/2011,0.15
1/31/2011,0.15
2/1/2011,0.15
2/2/2011,0.16
2/3/2011,0.14
2/4/2011,0.15
2/7/2011,0.16
2/8/2011,0.15
2/9/2011,0.14
2/10/2011,0.12
2/11/2011,0.12
2/14/2011,0.13
2/15/2011,0.13
2/16/2011,0.12
2/17/2011,0.09
2/18/2011,0.1
2/21/2011,
2/22/2011,0.12
2/23/2011,0.12
2/24/2011,0.13
2/25/2011,0.13
2/28/2011,0.15
3/1/2011,0.14
3/2/2011,0.13
3/3/2011,0.13
3/4/2011,0.12
3/7/2011,0.11
3/8/2011,0.11
3/9/2011,0.1
3/10/2011,0.08
3/11/2011,0.08
3/14/2011,0.09
3/15/2011,0.1
3/16/2011,0.1
3/17/2011,0.08
3/18/2011,0.07
3/21/2011,0.1
3/22/2011,0.1
3/23/2011,0.09
3/24/2011,0.09
3/25/2011,0.09
3/28/2011,0.11
3/29/2011,0.1
3/30/2011,0.1
3/31/2011,0.09
4/1/2011,0.07
4/4/2011,0.06
4/5/2011,0.07
4/6/2011,0.06
4/7/2011,0.04
4/8/2011,0.04
4/11/2011,0.05
4/12/2011,0.05
4/13/2011,0.06
4/14/2011,0.07
4/15/2011,0.07
4/18/2011,0.07
4/19/2011,0.06
4/20/2011,0.06
4/21/2011,0.06
4/22/2011,
4/25/2011,0.07
4/26/2011,0.07
4/27/2011,0.06
4/28/2011,0.04
4/29/2011,0.04
5/2/2011,0.05
5/3/2011,0.03
5/4/2011,0.03
5/5/2011,0.02
5/6/2011,0.02
5/9/2011,0.03
5/10/2011,0.03
5/11/2011,0.03
5/12/2011,0.02
5/13/2011,0.03
5/16/2011,0.04
5/17/2011,0.04
5/18/2011,0.05
5/19/2011,0.05
5/20/2011,0.05
5/23/2011,0.06
5/24/2011,0.06
5/25/2011,0.06
5/26/2011,0.05
5/27/2011,0.05
5/30/2011,
5/31/2011,0.06
6/1/2011,0.05
6/2/2011,0.04
6/3/2011,0.04
6/6/2011,0.05
6/7/2011,0.05
6/8/2011,0.04
6/9/2011,0.05
6/10/2011,0.05
6/13/2011,0.05
6/14/2011,0.05
6/15/2011,0.05
6/16/2011,0.05
6/17/2011,0.04
6/20/2011,0.03
6/21/2011,0.03
6/22/2011,0.02
6/23/2011,0.01
6/24/2011,0.02
6/27/2011,0.02
6/28/2011,0.03
6/29/2011,0.02
6/30/2011,0.03
7/1/2011,0.02
7/4/2011,
7/5/2011,0.02
7/6/2011,0.01
7/7/2011,0.03
7/8/2011,0.03
7/11/2011,0.03
7/12/2011,0.03
7/13/2011,0.01
7/14/2011,0.01
7/15/2011,0.02
7/18/2011,0.02
7/19/2011,0.03
7/20/2011,0.02
7/21/2011,0.05
7/22/2011,0.05
7/25/2011,0.05
7/26/2011,0.07
7/27/2011,0.08
7/28/2011,0.07
7/29/2011,0.1
8/1/2011,0.1
8/2/2011,0.06
8/3/2011,0.02
8/4/2011,0.02
8/5/2011,0.01
8/8/2011,0.05
8/9/2011,0.03
8/10/2011,0.02
8/11/2011,0.03
8/12/2011,0.02
8/15/2011,0.02
8/16/2011,0.03
8/17/2011,0.01
8/18/2011,0.01
8/19/2011,0.02
8/22/2011,0.01
8/23/2011,0.01
8/24/2011,0.02
8/25/2011,0.01
8/26/2011,0.01
8/29/2011,0.02
8/30/2011,0.01
8/31/2011,0.02
9/1/2011,0.02
9/2/2011,0.02
9/5/2011,
9/6/2011,0.02
9/7/2011,0.02
9/8/2011,0.02
9/9/2011,0.01
9/12/2011,0.01
9/13/2011,0.01
9/14/2011,0.01
9/15/2011,0.01
9/16/2011,0.01
9/19/2011,0.01
9/20/2011,0.01
9/21/2011,0.01
9/22/2011,0
9/23/2011,0.01
9/26/2011,0.02
9/27/2011,0.01
9/28/2011,0.02
9/29/2011,0.02
9/30/2011,0.02
10/3/2011,0.02
10/4/2011,0.01
10/5/2011,0
10/6/2011,0.01
10/7/2011,0.01
10/10/2011,
10/11/2011,0.02
10/12/2011,0.02
10/13/2011,0.02
10/14/2011,0.02
10/17/2011,0.04
10/18/2011,0.04
10/19/2011,0.03
10/20/2011,0.03
10/21/2011,0.02
10/24/2011,0.02
10/25/2011,0.01
10/26/2011,0.02
10/27/2011,0.02
10/28/2011,0.01
10/31/2011,0.01
11/1/2011,0.01
11/2/2011,0.01
11/3/2011,0.01
11/4/2011,0.01
11/7/2011,0.01
11/8/2011,0.01
11/9/2011,0.01
11/10/2011,0.01
11/11/2011,
11/14/2011,0.01
11/15/2011,0.01
11/16/2011,0.01
11/17/2011,0.02
11/18/2011,0.01
11/21/2011,0.02
11/22/2011,0.02
11/23/2011,0.02
11/24/2011,
11/25/2011,0.02
11/28/2011,0.03
11/29/2011,0.02
11/30/2011,0.01
12/1/2011,0.01
12/2/2011,0.02
12/5/2011,0.01
12/6/2011,0.01
12/7/2011,0.02
12/8/2011,0.01
12/9/2011,0.01
12/12/2011,0.01
12/13/2011,0.01
12/14/2011,0.01
12/15/2011,0
12/16/2011,0
12/19/2011,0.01
12/20/2011,0.01
12/21/2011,0.01
12/22/2011,0.01
12/23/2011,0.01
12/26/2011,
12/27/2011,0.02
12/28/2011,0.01
12/29/2011,0.02
12/30/2011,0.02
1/2/2012,
1/3/2012,0.02
1/4/2012,0.02
1/5/2012,0.02
1/6/2012,0.02
1/9/2012,0.01
1/10/2012,0.02
1/11/2012,0.02
1/12/2012,0.03
1/13/2012,0.03
1/16/2012,
1/17/2012,0.03
1/18/2012,0.03
1/19/2012,0.05
1/20/2012,0.05
1/23/2012,0.04
1/24/2012,0.04
1/25/2012,0.04
1/26/2012,0.05
1/27/2012,0.06
1/30/2012,0.05
1/31/2012,0.06
2/1/2012,0.06
2/2/2012,0.08
2/3/2012,0.08
2/6/2012,0.08
2/7/2012,0.08
2/8/2012,0.09
2/9/2012,0.09
2/10/2012,0.09
2/13/2012,0.11
2/14/2012,0.12
2/15/2012,0.11
2/16/2012,0.1
2/17/2012,0.09
2/20/2012,
2/21/2012,0.08
2/22/2012,0.09
2/23/2012,0.09
2/24/2012,0.1
2/27/2012,0.12
2/28/2012,0.1
2/29/2012,0.08
3/1/2012,0.08
3/2/2012,0.07
3/5/2012,0.08
3/6/2012,0.08
3/7/2012,0.08
3/8/2012,0.08
3/9/2012,0.09
3/12/2012,0.09
3/13/2012,0.08
3/14/2012,0.09
3/15/2012,0.08
3/16/2012,0.09
3/19/2012,0.1
3/20/2012,0.1
3/21/2012,0.09
3/22/2012,0.08
3/23/2012,0.08
3/26/2012,0.09
3/27/2012,0.09
3/28/2012,0.09
3/29/2012,0.07
3/30/2012,0.07
4/2/2012,0.08
4/3/2012,0.08
4/4/2012,0.08
4/5/2012,0.08
4/6/2012,0.07
4/9/2012,0.09
4/10/2012,0.09
4/11/2012,0.09
4/12/2012,0.09
4/13/2012,0.09
4/16/2012,0.08
4/17/2012,0.08
4/18/2012,0.07
4/19/2012,0.07
4/20/2012,0.08
4/23/2012,0.08
4/24/2012,0.09
4/25/2012,0.09
4/26/2012,0.09
4/27/2012,0.09
4/30/2012,0.1
5/1/2012,0.09
5/2/2012,0.08
5/3/2012,0.09
5/4/2012,0.07
5/7/2012,0.1
5/8/2012,0.09
5/9/2012,0.09
5/10/2012,0.1
5/11/2012,0.1
5/14/2012,0.1
5/15/2012,0.09
5/16/2012,0.1
5/17/2012,0.1
5/18/2012,0.08
5/21/2012,0.09
5/22/2012,0.09
5/23/2012,0.09
5/24/2012,0.1
5/25/2012,0.09
5/28/2012,
5/29/2012,0.09
5/30/2012,0.07
5/31/2012,0.07
6/1/2012,0.07
6/4/2012,0.08
6/5/2012,0.08
6/6/2012,0.09
6/7/2012,0.09
6/8/2012,0.09
6/11/2012,0.09
6/12/2012,0.1
6/13/2012,0.1
6/14/2012,0.11
6/15/2012,0.09
6/18/2012,0.1
6/19/2012,0.09
6/20/2012,0.09
6/21/2012,0.09
6/22/2012,0.09
6/25/2012,0.1
6/26/2012,0.1
6/27/2012,0.09
6/28/2012,0.09
6/29/2012,0.09
7/2/2012,0.1
7/3/2012,0.09
7/4/2012,
7/5/2012,0.08
7/6/2012,0.08
7/9/2012,0.09
7/10/2012,0.09
7/11/2012,0.1
7/12/2012,0.1
7/13/2012,0.1
7/16/2012,0.1
7/17/2012,0.1
7/18/2012,0.09
7/19/2012,0.09
7/20/2012,0.09
7/23/2012,0.1
7/24/2012,0.1
7/25/2012,0.1
7/26/2012,0.11
7/27/2012,0.11
7/30/2012,0.11
7/31/2012,0.11
8/1/2012,0.1
8/2/2012,0.09
8/3/2012,0.09
8/6/2012,0.1
8/7/2012,0.11
8/8/2012,0.11
8/9/2012,0.11
8/10/2012,0.1
8/13/2012,0.11
8/14/2012,0.11
8/15/2012,0.09
8/16/2012,0.09
8/17/2012,0.09
8/20/2012,0.11
8/21/2012,0.11
8/22/2012,0.11
8/23/2012,0.11
8/24/2012,0.1
8/27/2012,0.11
8/28/2012,0.1
8/29/2012,0.12
8/30/2012,0.1
8/31/2012,0.09
9/3/2012,
9/4/2012,0.1
9/5/2012,0.11
9/6/2012,0.11
9/7/2012,0.11
9/10/2012,0.1
9/11/2012,0.1
9/12/2012,0.1
9/13/2012,0.1
9/14/2012,0.11
9/17/2012,0.11
9/18/2012,0.1
9/19/2012,0.11
9/20/2012,0.11
9/21/2012,0.11
9/24/2012,0.11
9/25/2012,0.11
9/26/2012,0.11
9/27/2012,0.09
9/28/2012,0.1
10/1/2012,0.09
10/2/2012,0.09
10/3/2012,0.09
10/4/2012,0.1
10/5/2012,0.11
10/8/2012,
10/9/2012,0.1
10/10/2012,0.1
10/11/2012,0.1
10/12/2012,0.11
10/15/2012,0.11
10/16/2012,0.09
10/17/2012,0.11
10/18/2012,0.1
10/19/2012,0.1
10/22/2012,0.1
10/23/2012,0.11
10/24/2012,0.11
10/25/2012,0.11
10/26/2012,0.12
10/29/2012,0.14
10/30/2012,
10/31/2012,0.11
11/1/2012,0.09
11/2/2012,0.09
11/5/2012,0.11
11/6/2012,0.1
11/7/2012,0.1
11/8/2012,0.1
11/9/2012,0.09
11/12/2012,
11/13/2012,0.11
11/14/2012,0.1
11/15/2012,0.08
11/16/2012,0.06
11/19/2012,0.09
11/20/2012,0.08
11/21/2012,0.1
11/22/2012,
11/23/2012,0.1
11/26/2012,0.1
11/27/2012,0.1
11/28/2012,0.1
11/29/2012,0.09
11/30/2012,0.08
12/3/2012,0.1
12/4/2012,0.1
12/5/2012,0.1
12/6/2012,0.1
12/7/2012,0.09
12/10/2012,0.09
12/11/2012,0.08
12/12/2012,0.07
12/13/2012,0.06
12/14/2012,0.04
12/17/2012,0.05
12/18/2012,0.06
12/19/2012,0.05
12/20/2012,0.06
12/21/2012,0.06
12/24/2012,0.06
12/25/2012,
12/26/2012,0.09
12/27/2012,0.08
12/28/2012,0.01
12/31/2012,0.05
1/1/2013,
1/2/2013,0.08
1/3/2013,0.08
1/4/2013,0.07
1/7/2013,0.07
1/8/2013,0.07
1/9/2013,0.06
1/10/2013,0.06
1/11/2013,0.07
1/14/2013,0.08
1/15/2013,0.09
1/16/2013,0.08
1/17/2013,0.07
1/18/2013,0.08
1/21/2013,
1/22/2013,0.08
1/23/2013,0.08
1/24/2013,0.08
1/25/2013,0.08
1/28/2013,0.07
1/29/2013,0.07
1/30/2013,0.07
1/31/2013,0.07
2/1/2013,0.06
2/4/2013,0.07
2/5/2013,0.07
2/6/2013,0.07
2/7/2013,0.07
2/8/2013,0.07
2/11/2013,0.09
2/12/2013,0.09
2/13/2013,0.1
2/14/2013,0.11
2/15/2013,0.1
2/18/2013,
2/19/2013,0.12
2/20/2013,0.12
2/21/2013,0.13
2/22/2013,0.13
2/25/2013,0.12
2/26/2013,0.14
2/27/2013,0.11
2/28/2013,0.11
3/1/2013,0.11
3/4/2013,0.11
3/5/2013,0.08
3/6/2013,0.1
3/7/2013,0.1
3/8/2013,0.1
3/11/2013,0.1
3/12/2013,0.1
3/13/2013,0.09
3/14/2013,0.1
3/15/2013,0.09
3/18/2013,0.07
3/19/2013,0.07
3/20/2013,0.07
3/21/2013,0.07
3/22/2013,0.07
3/25/2013,0.08
3/26/2013,0.07
3/27/2013,0.09
3/28/2013,0.07
3/29/2013,
4/1/2013,0.08
4/2/2013,0.07
4/3/2013,0.06
4/4/2013,0.07
4/5/2013,0.07
4/8/2013,0.07
4/9/2013,0.06
4/10/2013,0.07
4/11/2013,0.07
4/12/2013,0.06
4/15/2013,0.06
4/16/2013,0.06
4/17/2013,0.06
4/18/2013,0.05
4/19/2013,0.05
4/22/2013,0.05
4/23/2013,0.05
4/24/2013,0.06
4/25/2013,0.05
4/26/2013,0.05
4/29/2013,0.05
4/30/2013,0.05
5/1/2013,0.06
5/2/2013,0.05
5/3/2013,0.05
5/6/2013,0.04
5/7/2013,0.04
5/8/2013,0.04
5/9/2013,0.04
5/10/2013,0.04
5/13/2013,0.05
5/14/2013,0.05
5/15/2013,0.04
5/16/2013,0.03
5/17/2013,0.04
5/20/2013,0.05
5/21/2013,0.04
5/22/2013,0.04
5/23/2013,0.05
5/24/2013,0.04
5/27/2013,
5/28/2013,0.05
5/29/2013,0.05
5/30/2013,0.04
5/31/2013,0.04
6/3/2013,0.05
6/4/2013,0.04
6/5/2013,0.05
6/6/2013,0.05
6/7/2013,0.04
6/10/2013,0.05
6/11/2013,0.05
6/12/2013,0.05
6/13/2013,0.05
6/14/2013,0.05
6/17/2013,0.05
6/18/2013,0.05
6/19/2013,0.05
6/20/2013,0.05
6/21/2013,0.05
6/24/2013,0.06
6/25/2013,0.06
6/26/2013,0.06
6/27/2013,0.06
6/28/2013,0.04
7/1/2013,0.04
7/2/2013,0.03
7/3/2013,0.05
7/4/2013,
7/5/2013,0.04
7/8/2013,0.05
7/9/2013,0.04
7/10/2013,0.04
7/11/2013,0.04
7/12/2013,0.04
7/15/2013,0.04
7/16/2013,0.03
7/17/2013,0.03
7/18/2013,0.03
7/19/2013,0.03
7/22/2013,0.04
7/23/2013,0.02
7/24/2013,0.03
7/25/2013,0.02
7/26/2013,0.03
7/29/2013,0.03
7/30/2013,0.04
7/31/2013,0.04
8/1/2013,0.04
8/2/2013,0.04
8/5/2013,0.05
8/6/2013,0.04
8/7/2013,0.05
8/8/2013,0.05
8/9/2013,0.05
8/12/2013,0.06
8/13/2013,0.06
8/14/2013,0.05
8/15/2013,0.05
8/16/2013,0.05
8/19/2013,0.06
8/20/2013,0.04
8/21/2013,0.04
8/22/2013,0.03
8/23/2013,0.03
8/26/2013,0.04
8/27/2013,0.05
8/28/2013,0.03
8/29/2013,0.02
8/30/2013,0.03
9/2/2013,
9/3/2013,0.02
9/4/2013,0.02
9/5/2013,0.02
9/6/2013,0.02
9/9/2013,0.02
9/10/2013,0.02
9/11/2013,0.02
9/12/2013,0.01
9/13/2013,0.01
9/16/2013,0.02
9/17/2013,0.01
9/18/2013,0.01
9/19/2013,0.01
9/20/2013,0.01
9/23/2013,0.02
9/24/2013,0.02
9/25/2013,0.02
9/26/2013,0
9/27/2013,0.02
9/30/2013,0.02
10/1/2013,0.02
10/2/2013,0.02
10/3/2013,0.03
10/4/2013,0.03
10/7/2013,0.03
10/8/2013,0.05
10/9/2013,0.05
10/10/2013,0.05
10/11/2013,0.08
10/14/2013,
10/15/2013,0.14
10/16/2013,0.1
10/17/2013,0.05
10/18/2013,0.04
10/21/2013,0.04
10/22/2013,0.04
10/23/2013,0.04
10/24/2013,0.03
10/25/2013,0.04
10/28/2013,0.04
10/29/2013,0.04
10/30/2013,0.04
10/31/2013,0.04
11/1/2013,0.04
11/4/2013,0.05
11/5/2013,0.05
11/6/2013,0.05
11/7/2013,0.05
11/8/2013,0.06
11/11/2013,
11/12/2013,0.08
11/13/2013,0.08
11/14/2013,0.08
11/15/2013,0.08
11/18/2013,0.09
11/19/2013,0.08
11/20/2013,0.08
11/21/2013,0.07
11/22/2013,0.07
11/25/2013,0.08
11/26/2013,0.07
11/27/2013,0.07
11/28/2013,
11/29/2013,0.06
12/2/2013,0.05
12/3/2013,0.06
12/4/2013,0.06
12/5/2013,0.06
12/6/2013,0.06
12/9/2013,0.07
12/10/2013,0.07
12/11/2013,0.07
12/12/2013,0.07
12/13/2013,0.07
12/16/2013,0.07
12/17/2013,0.07
12/18/2013,0.07
12/19/2013,0.06
12/20/2013,0.07
12/23/2013,0.07
12/24/2013,0.07
12/25/2013,
12/26/2013,0.07
12/27/2013,0.07
12/30/2013,0.07
12/31/2013,0.07
1/1/2014,
1/2/2014,0.07
1/3/2014,0.07
1/6/2014,0.05
1/7/2014,0.04
1/8/2014,0.05
1/9/2014,0.04
1/10/2014,0.05
1/13/2014,0.03
1/14/2014,0.04
1/15/2014,0.04
1/16/2014,0.04
1/17/2014,0.05
1/20/2014,
1/21/2014,0.04
1/22/2014,0.04
1/23/2014,0.04
1/24/2014,0.04
1/27/2014,0.05
1/28/2014,0.05
1/29/2014,0.04
1/30/2014,0.02
1/31/2014,0.02
2/3/2014,0.05
2/4/2014,0.06
2/5/2014,0.07
2/6/2014,0.07
2/7/2014,0.08
2/10/2014,0.07
2/11/2014,0.05
2/12/2014,0.05
2/13/2014,0.03
2/14/2014,0.02
2/17/2014,
2/18/2014,0.05
2/19/2014,0.06
2/20/2014,0.05
2/21/2014,0.05
2/24/2014,0.05
2/25/2014,0.05
2/26/2014,0.05
2/27/2014,0.04
2/28/2014,0.05
3/3/2014,0.05
3/4/2014,0.05
3/5/2014,0.06
3/6/2014,0.05
3/7/2014,0.06
3/10/2014,0.05
3/11/2014,0.05
3/12/2014,0.05
3/13/2014,0.05
3/14/2014,0.05
3/17/2014,0.06
3/18/2014,0.05
3/19/2014,0.06
3/20/2014,0.06
3/21/2014,0.06
3/24/2014,0.06
3/25/2014,0.05
3/26/2014,0.05
3/27/2014,0.04
3/28/2014,0.04
3/31/2014,0.05
4/1/2014,0.04
4/2/2014,0.02
4/3/2014,0.02
4/4/2014,0.03
4/7/2014,0.03
4/8/2014,0.03
4/9/2014,0.04
4/10/2014,0.04
4/11/2014,0.04
4/14/2014,0.04
4/15/2014,0.04
4/16/2014,0.04
4/17/2014,0.03
4/18/2014,
4/21/2014,0.04
4/22/2014,0.03
4/23/2014,0.02
4/24/2014,0.01
4/25/2014,0.03
4/28/2014,0.03
4/29/2014,0.02
4/30/2014,0.03
5/1/2014,0.03
5/2/2014,0.02
5/5/2014,0.03
5/6/2014,0.03
5/7/2014,0.03
5/8/2014,0.03
5/9/2014,0.03
5/12/2014,0.03
5/13/2014,0.03
5/14/2014,0.03
5/15/2014,0.03
5/16/2014,0.03
5/19/2014,0.03
5/20/2014,0.03
5/21/2014,0.04
5/22/2014,0.03
5/23/2014,0.04
5/26/2014,
5/27/2014,0.04
5/28/2014,0.04
5/29/2014,0.04
5/30/2014,0.04
6/2/2014,0.04
6/3/2014,0.04
6/4/2014,0.04
6/5/2014,0.04
6/6/2014,0.04
6/9/2014,0.04
6/10/2014,0.04
6/11/2014,0.04
6/12/2014,0.04
6/13/2014,0.04
6/16/2014,0.04
6/17/2014,0.04
6/18/2014,0.03
6/19/2014,0.02
6/20/2014,0.02
6/23/2014,0.03
6/24/2014,0.03
6/25/2014,0.03
6/26/2014,0.04
6/27/2014,0.03
6/30/2014,0.04
7/1/2014,0.02
7/2/2014,0.02
7/3/2014,0.01
7/4/2014,
7/7/2014,0.04
7/8/2014,0.03
7/9/2014,0.03
7/10/2014,0.02
7/11/2014,0.02
7/14/2014,0.03
7/15/2014,0.02
7/16/2014,0.02
7/17/2014,0.02
7/18/2014,0.02
7/21/2014,0.03
7/22/2014,0.03
7/23/2014,0.03
7/24/2014,0.03
7/25/2014,0.03
7/28/2014,0.04
7/29/2014,0.02
7/30/2014,0.04
7/31/2014,0.03
8/1/2014,0.03
8/4/2014,0.04
8/5/2014,0.03
8/6/2014,0.03
8/7/2014,0.03
8/8/2014,0.03
8/11/2014,0.04
8/12/2014,0.03
8/13/2014,0.04
8/14/2014,0.04
8/15/2014,0.03
8/18/2014,0.03
8/19/2014,0.03
8/20/2014,0.04
8/21/2014,0.02
8/22/2014,0.03
8/25/2014,0.04
8/26/2014,0.03
8/27/2014,0.04
8/28/2014,0.03
8/29/2014,0.03
9/1/2014,
9/2/2014,0.03
9/3/2014,0.03
9/4/2014,0.03
9/5/2014,0.03
9/8/2014,0.02
9/9/2014,0.02
9/10/2014,0.02
9/11/2014,0.02
9/12/2014,0.02
9/15/2014,0.02
9/16/2014,0.02
9/17/2014,0.02
9/18/2014,0.02
9/19/2014,0.02
9/22/2014,0.01
9/23/2014,0.01
9/24/2014,0.02
9/25/2014,0.01
9/26/2014,0.01
9/29/2014,0.02
9/30/2014,0.02
10/1/2014,0.02
10/2/2014,0.01
10/3/2014,0.01
10/6/2014,0.02
10/7/2014,0.02
10/8/2014,0.01
10/9/2014,0.01
10/10/2014,0.01
10/13/2014,
10/14/2014,0.02
10/15/2014,0.02
10/16/2014,0.03
10/17/2014,0.02
10/20/2014,0.02
10/21/2014,0.02
10/22/2014,0.02
10/23/2014,0.01
10/24/2014,0.01
10/27/2014,0.02
10/28/2014,0.02
10/29/2014,0.03
10/30/2014,0.01
10/31/2014,0.01
11/3/2014,0.02
11/4/2014,0.03
11/5/2014,0.03
11/6/2014,0.03
11/7/2014,0.03
11/10/2014,0.02
11/11/2014,
11/12/2014,0.02
11/13/2014,0.02
11/14/2014,0.02
11/17/2014,0.03
11/18/2014,0.02
11/19/2014,0.01
11/20/2014,0.02
11/21/2014,0.01
11/24/2014,0.02
11/25/2014,0.02
11/26/2014,0.02
11/27/2014,
11/28/2014,0.02
12/1/2014,0.03
12/2/2014,0.03
12/3/2014,0.01
12/4/2014,0.02
12/5/2014,0.02
12/8/2014,0.03
12/9/2014,0.04
12/10/2014,0.03
12/11/2014,0.03
12/12/2014,0.02
12/15/2014,0.04
12/16/2014,0.03
12/17/2014,0.03
12/18/2014,0.04
12/19/2014,0.04
12/22/2014,0.05
12/23/2014,0.03
12/24/2014,0.01
12/25/2014,
12/26/2014,0.01
12/29/2014,0.03
12/30/2014,0.03
12/31/2014,0.04
1/1/2015,
1/2/2015,0.02
1/5/2015,0.03
1/6/2015,0.03
1/7/2015,0.03
1/8/2015,0.03
1/9/2015,0.02
1/12/2015,0.03
1/13/2015,0.03
1/14/2015,0.04
1/15/2015,0.03
1/16/2015,0.03
1/19/2015,
1/20/2015,0.03
1/21/2015,0.03
1/22/2015,0.03
1/23/2015,0.02
1/26/2015,0.03
1/27/2015,0.02
1/28/2015,0.02
1/29/2015,0.03
1/30/2015,0.02
2/2/2015,0.02
2/3/2015,0.02
2/4/2015,0.01
2/5/2015,0.02
2/6/2015,0.02
2/9/2015,0.01
2/10/2015,0.01
2/11/2015,0.01
2/12/2015,0.02
2/13/2015,0.01
2/16/2015,
2/17/2015,0.02
2/18/2015,0.02
2/19/2015,0.02
2/20/2015,0.02
2/23/2015,0.02
2/24/2015,0.02
2/25/2015,0.02
2/26/2015,0.03
2/27/2015,0.02
3/2/2015,0.02
3/3/2015,0.02
3/4/2015,0.01
3/5/2015,0.02
3/6/2015,0.01
3/9/2015,0.02
3/10/2015,0.02
3/11/2015,0.03
3/12/2015,0.03
3/13/2015,0.03
3/16/2015,0.05
3/17/2015,0.05
3/18/2015,0.03
3/19/2015,0.03
3/20/2015,0.01
3/23/2015,0.03
3/24/2015,0.02
3/25/2015,0.04
3/26/2015,0.03
3/27/2015,0.04
3/30/2015,0.04
3/31/2015,0.03
4/1/2015,0.03
4/2/2015,0.02
4/3/2015,0.02
4/6/2015,0.03
4/7/2015,0.02
4/8/2015,0.03
4/9/2015,0.03
4/10/2015,0.02
4/13/2015,0.03
4/14/2015,0.02
4/15/2015,0.02
4/16/2015,0.02
4/17/2015,0.01
4/20/2015,0.03
4/21/2015,0.03
4/22/2015,0.03
4/23/2015,0.03
4/24/2015,0.03
4/27/2015,0.02
4/28/2015,0.02
4/29/2015,0.01
4/30/2015,0.01
5/1/2015,0.01
5/4/2015,0.02
5/5/2015,0.01
5/6/2015,0.02
5/7/2015,0.01
5/8/2015,0.01
5/11/2015,0.02
5/12/2015,0.03
5/13/2015,0.02
5/14/2015,0.01
5/15/2015,0.02
5/18/2015,0.02
5/19/2015,0.02
5/20/2015,0.02
5/21/2015,0.02
5/22/2015,0.02
5/25/2015,
5/26/2015,0.02
5/27/2015,0.01
5/28/2015,0.01
5/29/2015,0.01
6/1/2015,0.02
6/2/2015,0.01
6/3/2015,0.02
6/4/2015,0.02
6/5/2015,0.03
6/8/2015,0.02
6/9/2015,0.02
6/10/2015,0.02
6/11/2015,0.01
6/12/2015,0.02
6/15/2015,0.02
6/16/2015,0.01
6/17/2015,0.01
6/18/2015,0.01
6/19/2015,0.01
6/22/2015,0.01
6/23/2015,0.01
6/24/2015,0.01
6/25/2015,0.01
6/26/2015,0.01
6/29/2015,0.02
6/30/2015,0.01
7/1/2015,0.01
7/2/2015,0.01
7/3/2015,
7/6/2015,0.02
7/7/2015,0.02
7/8/2015,0.02
7/9/2015,0.03
7/10/2015,0.01
7/13/2015,0.02
7/14/2015,0.01
7/15/2015,0.02
7/16/2015,0.02
7/17/2015,0.03
7/20/2015,0.04
7/21/2015,0.03
7/22/2015,0.04
7/23/2015,0.03
7/24/2015,0.04
7/27/2015,0.05
7/28/2015,0.05
7/29/2015,0.06
7/30/2015,0.07
7/31/2015,0.08
8/3/2015,0.08
8/4/2015,0.08
8/5/2015,0.08
8/6/2015,0.04
8/7/2015,0.06
8/10/2015,0.12
8/11/2015,0.1
8/12/2015,0.1
8/13/2015,0.1
8/14/2015,0.09
8/17/2015,0.1
8/18/2015,0.07
8/19/2015,0.05
8/20/2015,0.02
8/21/2015,0.03
8/24/2015,0.06
8/25/2015,0.07
8/26/2015,0.06
8/27/2015,0.06
8/28/2015,0.06
8/31/2015,0.08
9/1/2015,0.03
9/2/2015,0.03
9/3/2015,0.02
9/4/2015,0.02
9/7/2015,
9/8/2015,0.06
9/9/2015,0.03
9/10/2015,0.02
9/11/2015,0.04
9/14/2015,0.07
9/15/2015,0.07
9/16/2015,0.06
9/17/2015,0.01
9/18/2015,-0.01
9/21/2015,0.01
9/22/2015,-0.01
9/23/2015,0.01
9/24/2015,0.01
9/25/2015,-0.01
9/28/2015,0.01
9/29/2015,0.01
9/30/2015,-0.01
10/1/2015,-0.02
10/2/2015,0
10/5/2015,0.01
10/6/2015,0
10/7/2015,0
10/8/2015,-0.01
10/9/2015,0.01
10/12/2015,
10/13/2015,0.01
10/14/2015,0
10/15/2015,0.01
10/16/2015,0.01
10/19/2015,0.02
10/20/2015,0.02
10/21/2015,0.01
10/22/2015,0
10/23/2015,0.01
10/26/2015,0.02
10/27/2015,0.03
10/28/2015,0.04
10/29/2015,0.07
10/30/2015,0.08
11/2/2015,0.08
11/3/2015,0.06
11/4/2015,0.05
11/5/2015,0.05
11/6/2015,0.08
11/9/2015,0.14
11/10/2015,0.13
11/11/2015,
11/12/2015,0.14
11/13/2015,0.13
11/16/2015,0.15
11/17/2015,0.14
11/18/2015,0.12
11/19/2015,0.11
11/20/2015,0.11
11/23/2015,0.14
11/24/2015,0.16
11/25/2015,0.19
11/26/2015,
11/27/2015,0.17
11/30/2015,0.22
12/1/2015,0.21
12/2/2015,0.21
12/3/2015,0.21
12/4/2015,0.22
12/7/2015,0.29
12/8/2015,0.27
12/9/2015,0.26
12/10/2015,0.24
12/11/2015,0.22
12/14/2015,0.26
12/15/2015,0.25
12/16/2015,0.27
12/17/2015,0.23
12/18/2015,0.19
12/21/2015,0.24
12/22/2015,0.21
12/23/2015,0.2
12/24/2015,0.2
12/25/2015,
12/28/2015,0.23
12/29/2015,0.23
12/30/2015,0.21
12/31/2015,0.16
1/1/2016,
1/4/2016,0.22
1/5/2016,0.2
1/6/2016,0.21
1/7/2016,0.2
1/8/2016,0.2
1/11/2016,0.21
1/12/2016,0.21
1/13/2016,0.22
1/14/2016,0.25
1/15/2016,0.23
1/18/2016,
1/19/2016,0.26
1/20/2016,0.26
1/21/2016,0.28
1/22/2016,0.3
1/25/2016,0.31
1/26/2016,0.31
1/27/2016,0.32
1/28/2016,0.34
1/29/2016,0.32
2/1/2016,0.35
2/2/2016,0.34
2/3/2016,0.33
2/4/2016,0.29
2/5/2016,0.29
2/8/2016,0.32
2/9/2016,0.3
2/10/2016,0.31
2/11/2016,0.28
2/12/2016,0.29
2/15/2016,
2/16/2016,0.3
2/17/2016,0.3
2/18/2016,0.3
2/19/2016,0.3
2/22/2016,0.33
2/23/2016,0.32
2/24/2016,0.33
2/25/2016,0.32
2/26/2016,0.32
2/29/2016,0.33
3/1/2016,0.33
3/2/2016,0.35
3/3/2016,0.27
3/4/2016,0.28
3/7/2016,0.32
3/8/2016,0.29
3/9/2016,0.3
3/10/2016,0.31
3/11/2016,0.32
3/14/2016,0.34
3/15/2016,0.34
3/16/2016,0.31
3/17/2016,0.29
3/18/2016,0.29
3/21/2016,0.31
3/22/2016,0.3
3/23/2016,0.3
3/24/2016,0.29
3/25/2016,
3/28/2016,0.29
3/29/2016,0.23
3/30/2016,0.2
3/31/2016,0.21
4/1/2016,0.23
4/4/2016,0.23
4/5/2016,0.23
4/6/2016,0.23
4/7/2016,0.23
4/8/2016,0.23
4/11/2016,0.23
4/12/2016,0.22
4/13/2016,0.23
4/14/2016,0.22
4/15/2016,0.22
4/18/2016,0.22
4/19/2016,0.21
4/20/2016,0.23
4/21/2016,0.23
4/22/2016,0.23
4/25/2016,0.25
4/26/2016,0.24
4/27/2016,0.24
4/28/2016,0.22
4/29/2016,0.22
5/2/2016,0.22
5/3/2016,0.21
5/4/2016,0.19
5/5/2016,0.2
5/6/2016,0.19
5/9/2016,0.24
5/10/2016,0.24
5/11/2016,0.26
5/12/2016,0.27
5/13/2016,0.28
5/16/2016,0.28
5/17/2016,0.28
5/18/2016,0.3
5/19/2016,0.3
5/20/2016,0.32
5/23/2016,0.35
5/24/2016,0.35
5/25/2016,0.33
5/26/2016,0.3
5/27/2016,0.31
5/30/2016,
5/31/2016,0.34
6/1/2016,0.3
6/2/2016,0.28
6/3/2016,0.29
6/6/2016,0.28
6/7/2016,0.28
6/8/2016,0.24
6/9/2016,0.25
6/10/2016,0.25
6/13/2016,0.27
6/14/2016,0.27
6/15/2016,0.26
6/16/2016,0.27
6/17/2016,0.26
6/20/2016,0.28
6/21/2016,0.27
6/22/2016,0.27
6/23/2016,0.3
6/24/2016,0.26
6/27/2016,0.27
6/28/2016,0.26
6/29/2016,0.26
6/30/2016,0.26
7/1/2016,0.27
7/4/2016,
7/5/2016,0.28
7/6/2016,0.27
7/7/2016,0.29
7/8/2016,0.27
7/11/2016,0.31
7/12/2016,0.29
7/13/2016,0.31
7/14/2016,0.31
7/15/2016,0.31
7/18/2016,0.32
7/19/2016,0.31
7/20/2016,0.32
7/21/2016,0.31
7/22/2016,0.32
7/25/2016,0.32
7/26/2016,0.31
7/27/2016,0.31
7/28/2016,0.25
7/29/2016,0.27
8/1/2016,0.29
8/2/2016,0.29
8/3/2016,0.28
8/4/2016,0.26
8/5/2016,0.27
8/8/2016,0.31
8/9/2016,0.29
8/10/2016,0.28
8/11/2016,0.28
8/12/2016,0.28
8/15/2016,0.31
8/16/2016,0.27
8/17/2016,0.3
8/18/2016,0.29
8/19/2016,0.29
8/22/2016,0.29
8/23/2016,0.3
8/24/2016,0.31
8/25/2016,0.33
8/26/2016,0.33
8/29/2016,0.33
8/30/2016,0.33
8/31/2016,0.33
9/1/2016,0.33
9/2/2016,0.32
9/5/2016,
9/6/2016,0.32
9/7/2016,0.34
9/8/2016,0.34
9/9/2016,0.34
9/12/2016,0.37
9/13/2016,0.36
9/14/2016,0.33
9/15/2016,0.29
9/16/2016,0.29
9/19/2016,0.3
9/20/2016,0.3
9/21/2016,0.22
9/22/2016,0.18
9/23/2016,0.18
9/26/2016,0.25
9/27/2016,0.26
9/28/2016,0.27
9/29/2016,0.26
9/30/2016,0.28
10/3/2016,0.32
10/4/2016,0.33
10/5/2016,0.32
10/6/2016,0.32
10/7/2016,0.32
10/10/2016,
10/11/2016,0.35
10/12/2016,0.36
10/13/2016,0.29
10/14/2016,0.31
10/17/2016,0.34
10/18/2016,0.34
10/19/2016,0.34
10/20/2016,0.34
10/21/2016,0.33
10/24/2016,0.33
10/25/2016,0.34
10/26/2016,0.33
10/27/2016,0.29
10/28/2016,0.29
10/31/2016,0.34
11/1/2016,0.35
11/2/2016,0.36
11/3/2016,0.37
11/4/2016,0.37
11/7/2016,0.41
11/8/2016,0.43
11/9/2016,0.44
11/10/2016,0.47
11/11/2016,
11/14/2016,0.54
11/15/2016,0.5
11/16/2016,0.46
11/17/2016,0.43
11/18/2016,0.43
11/21/2016,0.46
11/22/2016,0.48
11/23/2016,0.5
11/24/2016,
11/25/2016,0.48
11/28/2016,0.48
11/29/2016,0.48
11/30/2016,0.48
12/1/2016,0.47
12/2/2016,0.48
12/5/2016,0.49
12/6/2016,0.49
12/7/2016,0.51
12/8/2016,0.5
12/9/2016,0.53
12/12/2016,0.51
12/13/2016,0.54
12/14/2016,0.54
12/15/2016,0.5
12/16/2016,0.5
12/19/2016,0.52
12/20/2016,0.52
12/21/2016,0.51
12/22/2016,0.5
12/23/2016,0.51
12/26/2016,
12/27/2016,0.51
12/28/2016,0.52
12/29/2016,0.46
12/30/2016,0.5
1/2/2017,
1/3/2017,0.53
1/4/2017,0.52
1/5/2017,0.51
1/6/2017,0.52
1/9/2017,0.5
1/10/2017,0.51
1/11/2017,0.51
1/12/2017,0.51
1/13/2017,0.52
1/16/2017,
1/17/2017,0.54
1/18/2017,0.52
1/19/2017,0.51
1/20/2017,0.49
1/23/2017,0.51
1/24/2017,0.5
1/25/2017,0.49
1/26/2017,0.5
1/27/2017,0.51
1/30/2017,0.51
1/31/2017,0.52
2/1/2017,0.5
2/2/2017,0.51
2/3/2017,0.5
2/6/2017,0.53
2/7/2017,0.53
2/8/2017,0.53
2/9/2017,0.53
2/10/2017,0.54
2/13/2017,0.52
2/14/2017,0.54
2/15/2017,0.53
2/16/2017,0.52
2/17/2017,0.52
2/20/2017,
2/21/2017,0.53
2/22/2017,0.52
2/23/2017,0.51
2/24/2017,0.51
2/27/2017,0.5
2/28/2017,0.53
3/1/2017,0.62
3/2/2017,0.66
3/3/2017,0.7
3/6/2017,0.73
3/7/2017,0.75
3/8/2017,0.72
3/9/2017,0.72
3/10/2017,0.73
3/13/2017,0.78
3/14/2017,0.77
3/15/2017,0.72
3/16/2017,0.72
3/17/2017,0.72
3/20/2017,0.75
3/21/2017,0.76
3/22/2017,0.76
3/23/2017,0.75
3/24/2017,0.77
3/27/2017,0.77
3/28/2017,0.77
3/29/2017,0.77
3/30/2017,0.77
3/31/2017,0.75
4/3/2017,0.78
4/4/2017,0.78
4/5/2017,0.79
4/6/2017,0.78
4/7/2017,0.81
4/10/2017,0.81
4/11/2017,0.81
4/12/2017,0.8
4/13/2017,0.8
4/14/2017,
4/17/2017,0.82
4/18/2017,0.81
4/19/2017,0.8
4/20/2017,0.78
4/21/2017,0.78
4/24/2017,0.8
4/25/2017,0.81
4/26/2017,0.82
4/27/2017,0.8
4/28/2017,0.79
5/1/2017,0.82
5/2/2017,0.81
5/3/2017,0.84
5/4/2017,0.84
5/5/2017,0.88
5/8/2017,0.9
5/9/2017,0.9
5/10/2017,0.89
5/11/2017,0.87
5/12/2017,0.86
5/15/2017,0.89
5/16/2017,0.89
5/17/2017,0.89
5/18/2017,0.91
5/19/2017,0.9
5/22/2017,0.92
5/23/2017,0.91
5/24/2017,0.92
5/25/2017,0.92
5/26/2017,0.92
5/29/2017,
5/30/2017,0.92
5/31/2017,0.96
6/1/2017,0.96
6/2/2017,0.96
6/5/2017,0.95
6/6/2017,0.96
6/7/2017,0.98
6/8/2017,0.99
6/9/2017,0.99
6/12/2017,0.97
6/13/2017,0.99
6/14/2017,0.99
6/15/2017,1
6/16/2017,1.01
6/19/2017,1.01
6/20/2017,1
6/21/2017,0.97
6/22/2017,0.94
6/23/2017,0.95
6/26/2017,0.98
6/27/2017,0.99
6/28/2017,1
6/29/2017,1.02
6/30/2017,1.01
7/3/2017,1.04
7/4/2017,
7/5/2017,1.03
7/6/2017,1.02
7/7/2017,1.03
7/10/2017,1.03
7/11/2017,1.03
7/12/2017,1.03
7/13/2017,1.03
7/14/2017,1.02
7/17/2017,1.05
7/18/2017,1.05
7/19/2017,1.09
7/20/2017,1.13
7/21/2017,1.14
7/24/2017,1.15
7/25/2017,1.16
7/26/2017,1.11
7/27/2017,1.09
7/28/2017,1.06
7/31/2017,1.05
8/1/2017,1.06
8/2/2017,1.06
8/3/2017,1.06
8/4/2017,1.06
8/7/2017,1.01
8/8/2017,1.04
8/9/2017,1.04
8/10/2017,1.03
8/11/2017,1.01
8/14/2017,1.01
8/15/2017,1.02
8/16/2017,1
8/17/2017,0.98
8/18/2017,1
8/21/2017,0.99
8/22/2017,0.99
8/23/2017,0.98
8/24/2017,1
8/25/2017,1.01
8/28/2017,0.97
8/29/2017,1.01
8/30/2017,1.01
8/31/2017,0.99
9/1/2017,1
9/4/2017,
9/5/2017,1.01
9/6/2017,1.05
9/7/2017,1.03
9/8/2017,1.02
9/11/2017,1.04
9/12/2017,1.02
9/13/2017,1.02
9/14/2017,1.03
9/15/2017,1.03
9/18/2017,1.04
9/19/2017,1.03
9/20/2017,1.02
9/21/2017,1.02
9/22/2017,1.01
9/25/2017,1.04
9/26/2017,1.05
9/27/2017,1.05
9/28/2017,1.04
9/29/2017,1.04
10/2/2017,1
10/3/2017,1.05
10/4/2017,1.06
10/5/2017,1.05
10/6/2017,1.05
10/9/2017,
10/10/2017,1.06
10/11/2017,1.08
10/12/2017,1.07
10/13/2017,1.07
10/16/2017,1.09
10/17/2017,1.07
10/18/2017,1.07
10/19/2017,1.08
10/20/2017,1.09
10/23/2017,1.08
10/24/2017,1.1
10/25/2017,1.1
10/26/2017,1.09
10/27/2017,1.08
10/30/2017,1.1
10/31/2017,1.13
11/1/2017,1.16
11/2/2017,1.15
11/3/2017,1.16
11/6/2017,1.17
11/7/2017,1.2
11/8/2017,1.21
11/9/2017,1.22
11/10/2017,1.21
11/13/2017,1.22
11/14/2017,1.24
11/15/2017,1.23
11/16/2017,1.25
11/17/2017,1.26
11/20/2017,1.28
11/21/2017,1.28
11/22/2017,1.27
11/23/2017,
11/24/2017,1.26
11/27/2017,1.25
11/28/2017,1.28
11/29/2017,1.27
11/30/2017,1.25
12/1/2017,1.25
12/4/2017,1.28
12/5/2017,1.28
12/6/2017,1.28
12/7/2017,1.27
12/8/2017,1.26
12/11/2017,1.31
12/12/2017,1.32
12/13/2017,1.28
12/14/2017,1.3
12/15/2017,1.29
12/18/2017,1.36
12/19/2017,1.35
12/20/2017,1.36
12/21/2017,1.33
12/22/2017,1.31
12/25/2017,
12/26/2017,1.45
12/27/2017,1.42
12/28/2017,1.37
12/29/2017,1.37
1/1/2018,
1/2/2018,1.42
1/3/2018,1.39
1/4/2018,1.39
1/5/2018,1.37
1/8/2018,1.43
1/9/2018,1.42
1/10/2018,1.4
1/11/2018,1.41
1/12/2018,1.41
1/15/2018,
1/16/2018,1.43
1/17/2018,1.42
1/18/2018,1.43
1/19/2018,1.42
1/22/2018,1.43
1/23/2018,1.42
1/24/2018,1.41
1/25/2018,1.4
1/26/2018,1.39
1/29/2018,1.43
1/30/2018,1.42
1/31/2018,1.44
2/1/2018,1.46
2/2/2018,1.46
2/5/2018,1.49
2/6/2018,1.5
2/7/2018,1.53
2/8/2018,1.53
2/9/2018,1.53
2/12/2018,1.61
2/13/2018,1.57
2/14/2018,1.56
2/15/2018,1.56
2/16/2018,1.59
2/19/2018,
2/20/2018,1.64
2/21/2018,1.62
2/22/2018,1.61
2/23/2018,1.61
2/26/2018,1.65
2/27/2018,1.64
2/28/2018,1.63
3/1/2018,1.6
3/2/2018,1.62
3/5/2018,1.67
3/6/2018,1.65
3/7/2018,1.65
3/8/2018,1.64
3/9/2018,1.64
3/12/2018,1.68
3/13/2018,1.7
3/14/2018,1.73
3/15/2018,1.74
3/16/2018,1.75
3/19/2018,1.77
3/20/2018,1.78
3/21/2018,1.71
3/22/2018,1.69
3/23/2018,1.71
3/26/2018,1.76
3/27/2018,1.74
3/28/2018,1.7
3/29/2018,1.7
3/30/2018,
4/2/2018,1.74
4/3/2018,1.72
4/4/2018,1.68
4/5/2018,1.69
4/6/2018,1.7
4/9/2018,1.73
4/10/2018,1.71
4/11/2018,1.7
4/12/2018,1.72
4/13/2018,1.73
4/16/2018,1.76
4/17/2018,1.77
4/18/2018,1.78
4/19/2018,1.79
4/20/2018,1.78
4/23/2018,1.84
4/24/2018,1.84
4/25/2018,1.82
4/26/2018,1.79
4/27/2018,1.78
4/30/2018,1.84
5/1/2018,1.82
5/2/2018,1.81
5/3/2018,1.8
5/4/2018,1.8
5/7/2018,1.83
5/8/2018,1.84
5/9/2018,1.85
5/10/2018,1.86
5/11/2018,1.88
5/14/2018,1.9
5/15/2018,1.89
5/16/2018,1.88
5/17/2018,1.88
5/18/2018,1.87
5/21/2018,1.9
5/22/2018,1.9
5/23/2018,1.88
5/24/2018,1.87
5/25/2018,1.86
5/28/2018,
5/29/2018,1.9
5/30/2018,1.9
5/31/2018,1.89
6/1/2018,1.88
6/4/2018,1.91
6/5/2018,1.91
6/6/2018,1.91
6/7/2018,1.9
6/8/2018,1.89
6/11/2018,1.91
6/12/2018,1.89
6/13/2018,1.9
6/14/2018,1.9
6/15/2018,1.9
6/18/2018,1.91
6/19/2018,1.91
6/20/2018,1.9
6/21/2018,1.9
6/22/2018,1.89
6/25/2018,1.9
6/26/2018,1.9
6/27/2018,1.89
6/28/2018,1.89
6/29/2018,1.89
7/2/2018,1.95
7/3/2018,1.94
7/4/2018,
7/5/2018,1.92
7/6/2018,1.93
7/9/2018,1.95
7/10/2018,1.95
7/11/2018,1.93
7/12/2018,1.94
7/13/2018,1.94
7/16/2018,1.98
7/17/2018,1.98
7/18/2018,1.96
7/19/2018,1.96
7/20/2018,1.95
7/23/2018,1.96
7/24/2018,1.98
7/25/2018,1.97
7/26/2018,1.95
7/27/2018,1.96
7/30/2018,2.01
7/31/2018,1.99
8/1/2018,1.99
8/2/2018,1.98
8/3/2018,1.97
8/6/2018,2.02
8/7/2018,2.02
8/8/2018,2.02
8/9/2018,2.02
8/10/2018,2.01
8/13/2018,2.03
8/14/2018,2.04
8/15/2018,2.03
8/16/2018,2.03
8/17/2018,2.01
8/20/2018,2.03
8/21/2018,2.04
8/22/2018,2.05
8/23/2018,2.04
8/24/2018,2.05
8/27/2018,2.08
8/28/2018,2.09
8/29/2018,2.09
8/30/2018,2.07
8/31/2018,2.07
9/3/2018,
9/4/2018,2.09
9/5/2018,2.1
9/6/2018,2.09
9/7/2018,2.1
9/10/2018,2.11
9/11/2018,2.11
9/12/2018,2.12
9/13/2018,2.11
9/14/2018,2.12
9/17/2018,2.13
9/18/2018,2.13
9/19/2018,2.12
9/20/2018,2.13
9/21/2018,2.14
9/24/2018,2.18
9/25/2018,2.17
9/26/2018,2.16
9/27/2018,2.14
9/28/2018,2.15
10/1/2018,2.19
10/2/2018,2.19
10/3/2018,2.19
10/4/2018,2.18
10/5/2018,2.18
10/8/2018,
10/9/2018,2.21
10/10/2018,2.23
10/11/2018,2.22
10/12/2018,2.23
10/15/2018,2.27
10/16/2018,2.26
10/17/2018,2.27
10/18/2018,2.27
10/19/2018,2.26
10/22/2018,2.3
10/23/2018,2.29
10/24/2018,2.29
10/25/2018,2.29
10/26/2018,2.28
10/29/2018,2.3
10/30/2018,2.29
10/31/2018,2.29
11/1/2018,2.27
11/2/2018,2.28
11/5/2018,2.32
11/6/2018,2.31
11/7/2018,2.32
11/8/2018,2.3
11/9/2018,2.31
11/12/2018,
11/13/2018,2.34
11/14/2018,2.33
11/15/2018,2.32
11/16/2018,2.31
11/19/2018,2.34
11/20/2018,2.34
11/21/2018,2.36
11/22/2018,
11/23/2018,2.36
11/26/2018,2.37
11/27/2018,2.36
11/28/2018,2.35
11/29/2018,2.32
11/30/2018,2.32
12/3/2018,2.34
12/4/2018,2.38
12/5/2018,
12/6/2018,2.36
12/7/2018,2.35
12/10/2018,2.37
12/11/2018,2.37
12/12/2018,2.39
12/13/2018,2.38
12/14/2018,2.37
12/17/2018,2.36
12/18/2018,2.34
12/19/2018,2.35
12/20/2018,2.34
12/21/2018,2.34
12/24/2018,2.41
12/25/2018,
12/26/2018,2.39
12/27/2018,2.36
12/28/2018,2.35
12/31/2018,2.4
1/1/2019,
1/2/2019,2.37
1/3/2019,2.36
1/4/2019,2.37
1/7/2019,2.41
1/8/2019,2.41
1/9/2019,2.4
1/10/2019,2.38
1/11/2019,2.38
1/14/2019,2.4
1/15/2019,2.4
1/16/2019,2.38
1/17/2019,2.37
1/18/2019,2.36
1/21/2019,
1/22/2019,2.38
1/23/2019,2.36
1/24/2019,2.32
1/25/2019,2.34
1/28/2019,2.37
1/29/2019,2.37
1/30/2019,2.37
1/31/2019,2.36
2/1/2019,2.35
2/4/2019,2.37
2/5/2019,2.37
2/6/2019,2.37
2/7/2019,2.37
2/8/2019,2.38
2/11/2019,2.4
2/12/2019,2.38
2/13/2019,2.39
2/14/2019,2.38
2/15/2019,2.38
2/18/2019,
2/19/2019,2.41
2/20/2019,2.4
2/21/2019,2.4
2/22/2019,2.41
2/25/2019,2.42
2/26/2019,2.4
2/27/2019,2.4
2/28/2019,2.4
3/1/2019,2.39
3/4/2019,2.41
3/5/2019,2.41
3/6/2019,2.41
3/7/2019,2.4
3/8/2019,2.41
3/11/2019,2.41
3/12/2019,2.41
3/13/2019,2.4
3/14/2019,2.4
3/15/2019,2.4
3/18/2019,2.39
3/19/2019,2.41
3/20/2019,2.42
3/21/2019,2.43
3/22/2019,2.41
3/25/2019,2.41
3/26/2019,2.41
3/27/2019,2.39
3/28/2019,2.38
3/29/2019,2.35
4/1/2019,2.38
4/2/2019,2.37
4/3/2019,2.39
4/4/2019,2.39
4/5/2019,2.39
4/8/2019,2.38
4/9/2019,2.37
4/10/2019,2.38
4/11/2019,2.38
4/12/2019,2.39
4/15/2019,2.38
4/16/2019,2.38
4/17/2019,2.39
4/18/2019,2.37
4/19/2019,
4/22/2019,2.39
4/23/2019,2.4
4/24/2019,2.39
4/25/2019,2.38
4/26/2019,2.37
4/29/2019,2.39
4/30/2019,2.38
5/1/2019,2.38
5/2/2019,2.41
5/3/2019,2.38
5/6/2019,2.39
5/7/2019,2.38
5/8/2019,2.38
5/9/2019,2.38
5/10/2019,2.38
5/13/2019,2.36
5/14/2019,2.36
5/15/2019,2.37
5/16/2019,2.35
5/17/2019,2.34
5/20/2019,2.34
5/21/2019,2.34
5/22/2019,2.33
5/23/2019,2.32
5/24/2019,2.3
5/27/2019,
5/28/2019,2.32
5/29/2019,2.32
5/30/2019,2.33
5/31/2019,2.3
6/3/2019,2.3
6/4/2019,2.3
6/5/2019,2.3
6/6/2019,2.28
6/7/2019,2.23
6/10/2019,2.24
6/11/2019,2.22
6/12/2019,2.19
6/13/2019,2.14
6/14/2019,2.15
6/17/2019,2.18
6/18/2019,2.17
6/19/2019,2.13
6/20/2019,2.09
6/21/2019,2.07
6/24/2019,2.08
6/25/2019,2.07
6/26/2019,2.1
6/27/2019,2.09
6/28/2019,2.08
7/1/2019,2.16
7/2/2019,2.15
7/3/2019,2.16
7/4/2019,
7/5/2019,2.18
7/8/2019,2.21
7/9/2019,2.21
7/10/2019,2.15
7/11/2019,2.12
7/12/2019,2.1
7/15/2019,2.11
7/16/2019,2.1
7/17/2019,2.09
7/18/2019,2.01
7/19/2019,2.02
7/22/2019,2.04
7/23/2019,2.02
7/24/2019,2.05
7/25/2019,2.06
7/26/2019,2.08
7/29/2019,2.07
7/30/2019,2.04
7/31/2019,2.04
8/1/2019,2.03
8/2/2019,2.02
8/5/2019,2
8/6/2019,2.01
8/7/2019,1.98
8/8/2019,1.98
8/9/2019,1.96
8/12/2019,1.96
8/13/2019,1.96
8/14/2019,1.92
8/15/2019,1.87
8/16/2019,1.83
8/19/2019,1.9
8/20/2019,1.9
8/21/2019,1.93
8/22/2019,1.96
8/23/2019,1.93
8/26/2019,1.96
8/27/2019,1.94
8/28/2019,1.95
8/29/2019,1.95
8/30/2019,1.95
9/2/2019,
9/3/2019,1.94
9/4/2019,1.93
9/5/2019,1.93
9/6/2019,1.92
9/9/2019,1.92
9/10/2019,1.91
9/11/2019,1.92
9/12/2019,1.91
9/13/2019,1.92
9/16/2019,1.95
9/17/2019,1.95
9/18/2019,1.91
9/19/2019,1.89
9/20/2019,1.87
9/23/2019,1.9
9/24/2019,1.88
9/25/2019,1.85
9/26/2019,1.79
9/27/2019,1.76
9/30/2019,1.84
10/1/2019,1.78
10/2/2019,1.75
10/3/2019,1.67
10/4/2019,1.68
10/7/2019,1.71
10/8/2019,1.68
10/9/2019,1.66
10/10/2019,1.65
10/11/2019,1.65
10/14/2019,
10/15/2019,1.64
10/16/2019,1.63
10/17/2019,1.63
10/18/2019,1.63
10/21/2019,1.64
10/22/2019,1.62
10/23/2019,1.62
10/24/2019,1.64
10/25/2019,1.63
10/28/2019,1.62
10/29/2019,1.6
10/30/2019,1.59
10/31/2019,1.51
11/1/2019,1.49
11/4/2019,1.5
11/5/2019,1.53
11/6/2019,1.53
11/7/2019,1.53
11/8/2019,1.52
11/11/2019,
11/12/2019,1.56
11/13/2019,1.54
11/14/2019,1.54
11/15/2019,1.54
11/18/2019,1.54
11/19/2019,1.54
11/20/2019,1.54
11/21/2019,1.55
11/22/2019,1.55
11/25/2019,1.58
11/26/2019,1.57
11/27/2019,1.59
11/28/2019,
11/29/2019,1.56
12/2/2019,1.57
12/3/2019,1.54
12/4/2019,1.52
12/5/2019,1.51
12/6/2019,1.5
12/9/2019,1.51
12/10/2019,1.53
12/11/2019,1.54
12/12/2019,1.53
12/13/2019,1.54
12/16/2019,1.54
12/17/2019,1.53
12/18/2019,1.53
12/19/2019,1.54
12/20/2019,1.55
12/23/2019,1.56
12/24/2019,1.55
12/25/2019,
12/26/2019,1.55
12/27/2019,1.54
12/30/2019,1.54
12/31/2019,1.52
1/1/2020,
1/2/2020,1.51
1/3/2020,1.49
1/6/2020,1.53
1/7/2020,1.51
1/8/2020,1.51
1/9/2020,1.51
1/10/2020,1.51
1/13/2020,1.54
1/14/2020,1.54
1/15/2020,1.54
1/16/2020,1.52
1/17/2020,1.53
1/20/2020,
1/21/2020,1.53
1/22/2020,1.52
1/23/2020,1.52
1/24/2020,1.51
1/27/2020,1.52
1/28/2020,1.54
1/29/2020,1.53
1/30/2020,1.54
1/31/2020,1.52
2/3/2020,1.54
2/4/2020,1.54
2/5/2020,1.54
2/6/2020,1.54
2/7/2020,1.53
2/10/2020,1.55
2/11/2020,1.54
2/12/2020,1.55
2/13/2020,1.56
2/14/2020,1.55
2/17/2020,
2/18/2020,1.55
2/19/2020,1.55
2/20/2020,1.55
2/21/2020,1.53
2/24/2020,1.5
2/25/2020,1.5
2/26/2020,1.5
2/27/2020,1.42
2/28/2020,1.25
3/2/2020,1.1
3/3/2020,0.93
3/4/2020,0.71
3/5/2020,0.61
3/6/2020,0.45
3/9/2020,0.32
3/10/2020,0.43
3/11/2020,0.41
3/12/2020,0.33
3/13/2020,0.27
3/16/2020,0.24
3/17/2020,0.19
3/18/2020,0.02
3/19/2020,0.04
3/20/2020,0.05
3/23/2020,0.02
3/24/2020,0.01
3/25/2020,-0.04
3/26/2020,-0.05
3/27/2020,0.03
3/30/2020,0.12
3/31/2020,0.11
4/1/2020,0.09
4/2/2020,0.09
4/3/2020,0.1
4/6/2020,0.15
4/7/2020,0.14
4/8/2020,0.22
4/9/2020,0.25
4/10/2020,
4/13/2020,0.26
4/14/2020,0.2
4/15/2020,0.14
4/16/2020,0.14
4/17/2020,0.12
4/20/2020,0.12
4/21/2020,0.11
4/22/2020,0.12
4/23/2020,0.11
4/24/2020,0.12
4/27/2020,0.12
4/28/2020,0.11
4/29/2020,0.1
4/30/2020,0.09
5/1/2020,0.12
5/4/2020,0.13
5/5/2020,0.13
5/6/2020,0.12
5/7/2020,0.11
5/8/2020,0.12
5/11/2020,0.12
5/12/2020,0.13
5/13/2020,0.13
5/14/2020,0.12
5/15/2020,0.12
5/18/2020,0.13
5/19/2020,0.13
5/20/2020,0.12
5/21/2020,0.12
5/22/2020,0.12
5/25/2020,
5/26/2020,0.14
5/27/2020,0.15
5/28/2020,0.15
5/29/2020,0.14
6/1/2020,0.14
6/2/2020,0.15
6/3/2020,0.16
6/4/2020,0.15
6/5/2020,0.15
6/8/2020,0.17
6/9/2020,0.19
6/10/2020,0.17
6/11/2020,0.17
6/12/2020,0.16
6/15/2020,0.18
6/16/2020,0.17
6/17/2020,0.17
6/18/2020,0.16
6/19/2020,0.15
6/22/2020,0.16
6/23/2020,0.16
6/24/2020,0.15
6/25/2020,0.16
6/26/2020,0.14
6/29/2020,0.14
6/30/2020,0.16
7/1/2020,0.14
7/2/2020,0.14
7/3/2020,
7/6/2020,0.15
7/7/2020,0.15
7/8/2020,0.15
7/9/2020,0.13
7/10/2020,0.13
7/13/2020,0.14
7/14/2020,0.15
7/15/2020,0.16
7/16/2020,0.11
7/17/2020,0.11
7/20/2020,0.13
7/21/2020,0.13
7/22/2020,0.13
7/23/2020,0.12
7/24/2020,0.11
7/27/2020,0.11
7/28/2020,0.11
7/29/2020,0.11
7/30/2020,0.09
7/31/2020,0.09
8/3/2020,0.1
8/4/2020,0.09
8/5/2020,0.1
8/6/2020,0.1
8/7/2020,0.1
8/10/2020,0.11
8/11/2020,0.11
8/12/2020,0.11
8/13/2020,0.1
8/14/2020,0.1
8/17/2020,0.1
8/18/2020,0.09
8/19/2020,0.11
8/20/2020,0.11
8/21/2020,0.1
8/24/2020,0.12
8/25/2020,0.11
8/26/2020,0.11
8/27/2020,0.11
8/28/2020,0.1
8/31/2020,0.11
9/1/2020,0.12
9/2/2020,0.12
9/3/2020,0.11
9/4/2020,0.11
9/7/2020,
9/8/2020,0.13
9/9/2020,0.12
9/10/2020,0.12
9/11/2020,0.11
9/14/2020,0.11
9/15/2020,0.11
9/16/2020,0.12
9/17/2020,0.09
9/18/2020,0.1
9/21/2020,0.1
9/22/2020,0.1
9/23/2020,0.11
9/24/2020,0.1
9/25/2020,0.1
9/28/2020,0.11
9/29/2020,0.09
9/30/2020,0.1
10/1/2020,0.09
10/2/2020,0.09
10/5/2020,0.1
10/6/2020,0.1
10/7/2020,0.1
10/8/2020,0.09
10/9/2020,0.1
10/12/2020,
10/13/2020,0.11
10/14/2020,0.12
10/15/2020,0.11
10/16/2020,0.11
10/19/2020,0.11
10/20/2020,0.1
10/21/2020,0.1
10/22/2020,0.09
10/23/2020,0.1
10/26/2020,0.11
10/27/2020,0.1
10/28/2020,0.1
10/29/2020,0.09
10/30/2020,0.09
11/2/2020,0.09
11/3/2020,0.1
11/4/2020,0.1
11/5/2020,0.1
11/6/2020,0.1
11/9/2020,0.11
11/10/2020,0.1
11/11/2020,
11/12/2020,0.1
11/13/2020,0.09
11/16/2020,0.09
11/17/2020,0.09
11/18/2020,0.09
11/19/2020,0.07
11/20/2020,0.07
11/23/2020,0.08
11/24/2020,0.09
11/25/2020,0.09
11/26/2020,
11/27/2020,0.09
11/30/2020,0.08
12/1/2020,0.09
12/2/2020,0.09
12/3/2020,0.08
12/4/2020,0.09
12/7/2020,0.08
12/8/2020,0.09
12/9/2020,0.08
12/10/2020,0.08
12/11/2020,0.08
12/14/2020,0.09
12/15/2020,0.08
12/16/2020,0.09
12/17/2020,0.08
12/18/2020,0.08
12/21/2020,0.09
12/22/2020,0.09
12/23/2020,0.09
12/24/2020,0.09
12/25/2020,
12/28/2020,0.11
12/29/2020,0.1
12/30/2020,0.08
12/31/2020,0.09
1/1/2021,
1/4/2021,0.09
1/5/2021,0.09
1/6/2021,0.09
1/7/2021,0.09
1/8/2021,0.08
1/11/2021,0.08
1/12/2021,0.09
1/13/2021,0.09
1/14/2021,0.09
1/15/2021,0.09
1/18/2021,
1/19/2021,0.09
1/20/2021,0.08
1/21/2021,0.09
1/22/2021,0.08
1/25/2021,0.09
1/26/2021,0.07
1/27/2021,0.08
1/28/2021,0.07
1/29/2021,0.06
2/1/2021,0.07
2/2/2021,0.07
2/3/2021,0.04
2/4/2021,0.04
2/5/2021,0.03
2/8/2021,0.05
2/9/2021,0.04
2/10/2021,0.05
2/11/2021,0.05
2/12/2021,0.04
2/15/2021,
2/16/2021,0.04
2/17/2021,0.04
2/18/2021,0.03
2/19/2021,0.04
2/22/2021,0.03
2/23/2021,0.04
2/24/2021,0.03
2/25/2021,0.04
2/26/2021,0.04
3/1/2021,0.05
3/2/2021,0.04
3/3/2021,0.05
3/4/2021,0.04
3/5/2021,0.04
3/8/2021,0.05
3/9/2021,0.05
3/10/2021,0.04
3/11/2021,0.04
3/12/2021,0.04
3/15/2021,0.04
3/16/2021,0.02
3/17/2021,0.02
3/18/2021,0.01
3/19/2021,0.01
3/22/2021,0.03
3/23/2021,0.01
3/24/2021,0.02
3/25/2021,0.02
3/26/2021,0.02
3/29/2021,0.03
3/30/2021,0.02
3/31/2021,0.03
4/1/2021,0.02
4/2/2021,0.02
4/5/2021,0.03
4/6/2021,0.02
4/7/2021,0.02
4/8/2021,0.01
4/9/2021,0.02
4/12/2021,0.02
4/13/2021,0.03
4/14/2021,0.02
4/15/2021,0.02
4/16/2021,0.02
4/19/2021,0.02
4/20/2021,0.03
4/21/2021,0.03
4/22/2021,0.03
4/23/2021,0.03
4/26/2021,0.03
4/27/2021,0.01
4/28/2021,0.01
4/29/2021,0.01
4/30/2021,0.01
5/3/2021,0.04
5/4/2021,0.02
5/5/2021,0.02
5/6/2021,0.02
5/7/2021,0.02
5/10/2021,0.02
5/11/2021,0.01
5/12/2021,0.02
5/13/2021,0.02
5/14/2021,0.01
5/17/2021,0.02
5/18/2021,0.02
5/19/2021,0.01
5/20/2021,0.01
5/21/2021,0.01
5/24/2021,0.02
5/25/2021,0.02
5/26/2021,0.02
5/27/2021,0.02
5/28/2021,0.01
5/31/2021,
6/1/2021,0.02
6/2/2021,0.02
6/3/2021,0.02
6/4/2021,0.02
6/7/2021,0.02
6/8/2021,0.02
6/9/2021,0.03
6/10/2021,0.03
6/11/2021,0.03
6/14/2021,0.03
6/15/2021,0.03
6/16/2021,0.04
6/17/2021,0.04
6/18/2021,0.05
6/21/2021,0.05
6/22/2021,0.04
6/23/2021,0.05
6/24/2021,0.05
6/25/2021,0.06
6/28/2021,0.05
6/29/2021,0.04
6/30/2021,0.05
7/1/2021,0.05
7/2/2021,0.05
7/5/2021,
7/6/2021,0.05
7/7/2021,0.05
7/8/2021,0.06
7/9/2021,0.06
7/12/2021,0.05
7/13/2021,0.05
7/14/2021,0.06
7/15/2021,0.05
7/16/2021,0.05
7/19/2021,0.05
7/20/2021,0.05
7/21/2021,0.05
7/22/2021,0.05
7/23/2021,0.05
7/26/2021,0.05
7/27/2021,0.05
7/28/2021,0.05
7/29/2021,0.06
7/30/2021,0.06
8/2/2021,0.05
8/3/2021,0.05
8/4/2021,0.05
8/5/2021,0.05
8/6/2021,0.06
8/9/2021,0.06
8/10/2021,0.05
8/11/2021,0.05
8/12/2021,0.06
8/13/2021,0.06
8/16/2021,0.06
8/17/2021,0.07
8/18/2021,0.07
8/19/2021,0.06
8/20/2021,0.05
8/23/2021,0.05
8/24/2021,0.05
8/25/2021,0.06
8/26/2021,0.05
8/27/2021,0.05
8/30/2021,0.05
8/31/2021,0.04
9/1/2021,0.05
9/2/2021,0.05
9/3/2021,0.05
9/6/2021,
9/7/2021,0.05
9/8/2021,0.05
9/9/2021,0.04
9/10/2021,0.05
9/13/2021,0.06
9/14/2021,0.04
9/15/2021,0.04
9/16/2021,0.04
9/17/2021,0.04
9/20/2021,0.04
9/21/2021,0.03
9/22/2021,0.03
9/23/2021,0.03
9/24/2021,0.03
9/27/2021,0.04
9/28/2021,0.04
9/29/2021,0.04
9/30/2021,0.04
10/1/2021,0.04
10/4/2021,0.04
10/5/2021,0.04
10/6/2021,0.04
10/7/2021,0.05
10/8/2021,0.05
10/11/2021,
10/12/2021,0.06
10/13/2021,0.05
10/14/2021,0.05
10/15/2021,0.05
10/18/2021,0.06
10/19/2021,0.05
10/20/2021,0.05
10/21/2021,0.06
10/22/2021,0.06
10/25/2021,0.06
10/26/2021,0.06
10/27/2021,0.06
10/28/2021,0.06
10/29/2021,0.05
11/1/2021,0.05
11/2/2021,0.05
11/3/2021,0.05
11/4/2021,0.04
11/5/2021,0.05
11/8/2021,0.06
11/9/2021,0.04
11/10/2021,0.05
11/11/2021,
11/12/2021,0.05
11/15/2021,0.05
11/16/2021,0.05
11/17/2021,0.05
11/18/2021,0.05
11/19/2021,0.05
11/22/2021,0.05
11/23/2021,0.06
11/24/2021,0.06
11/25/2021,
11/26/2021,0.06
11/29/2021,0.06
11/30/2021,0.05
12/1/2021,0.06
12/2/2021,0.05
12/3/2021,0.06
12/6/2021,0.06
12/7/2021,0.06
12/8/2021,0.07
12/9/2021,0.06
12/10/2021,0.06
12/13/2021,0.05
12/14/2021,0.05
12/15/2021,0.06
12/16/2021,0.05
12/17/2021,0.05
12/20/2021,0.07
12/21/2021,0.07
12/22/2021,0.08
12/23/2021,0.08
12/24/2021,
12/27/2021,0.06
12/28/2021,0.06
12/29/2021,0.05
12/30/2021,0.05
12/31/2021,0.06
1/3/2022,0.09
1/4/2022,0.08
1/5/2022,0.09
1/6/2022,0.1
1/7/2022,0.1
1/10/2022,0.13
1/11/2022,0.12
1/12/2022,0.12
1/13/2022,0.12
1/14/2022,0.13
1/17/2022,
1/18/2022,0.17
1/19/2022,0.17
1/20/2022,0.18
1/21/2022,0.17
1/24/2022,0.2
1/25/2022,0.2
1/26/2022,0.19
1/27/2022,0.2
1/28/2022,0.19
1/31/2022,0.24
2/1/2022,0.2
2/2/2022,0.2
2/3/2022,0.21
2/4/2022,0.23
2/7/2022,0.28
2/8/2022,0.27
2/9/2022,0.27
2/10/2022,0.41
2/11/2022,0.37
2/14/2022,0.45
2/15/2022,0.41
2/16/2022,0.39
2/17/2022,0.37
2/18/2022,0.35
2/21/2022,
2/22/2022,0.39
2/23/2022,0.36
2/24/2022,0.33
2/25/2022,0.33
2/28/2022,0.37
3/1/2022,0.32
3/2/2022,0.33
3/3/2022,0.37
3/4/2022,0.33
3/7/2022,0.38
3/8/2022,0.36
3/9/2022,0.38
3/10/2022,0.38
3/11/2022,0.39
3/14/2022,0.45
3/15/2022,0.46
3/16/2022,0.43
3/17/2022,0.4
3/18/2022,0.41
3/21/2022,0.55
3/22/2022,0.51
3/23/2022,0.5
3/24/2022,0.5
3/25/2022,0.53
3/28/2022,0.6
3/29/2022,0.56
3/30/2022,0.55
3/31/2022,0.51
4/1/2022,0.52
4/4/2022,0.67
4/5/2022,0.65
4/6/2022,0.67
4/7/2022,0.68
4/8/2022,0.69
4/11/2022,0.78
4/12/2022,0.74
4/13/2022,0.75
4/14/2022,0.78
4/15/2022,
4/18/2022,0.82
4/19/2022,0.82
4/20/2022,0.82
4/21/2022,0.82
4/22/2022,0.82
4/25/2022,0.93
4/26/2022,0.84
4/27/2022,0.82
4/28/2022,0.81
4/29/2022,0.83
5/2/2022,0.9
5/3/2022,0.9
5/4/2022,0.88
5/5/2022,0.84
5/6/2022,0.84
5/9/2022,0.92
5/10/2022,0.89
5/11/2022,0.9
5/12/2022,0.95
5/13/2022,1.01
5/16/2022,1.07
5/17/2022,1.06
5/18/2022,1.02
5/19/2022,1.04
5/20/2022,1.01
5/23/2022,1.07
5/24/2022,1.05
5/25/2022,1.05
5/26/2022,1.06
5/27/2022,1.06
5/30/2022,
5/31/2022,1.13
6/1/2022,1.12
6/2/2022,1.13
6/3/2022,1.17
6/6/2022,1.23
6/7/2022,1.24
6/8/2022,1.25
6/9/2022,1.26
6/10/2022,1.34
6/13/2022,1.69
6/14/2022,1.78
6/15/2022,1.69
6/16/2022,1.54
6/17/2022,1.58
6/20/2022,
6/21/2022,1.66
6/22/2022,1.57
6/23/2022,1.59
6/24/2022,1.66
6/27/2022,1.75
6/28/2022,1.75
6/29/2022,1.73
6/30/2022,1.66
7/1/2022,1.66
7/4/2022,
7/5/2022,1.86
7/6/2022,1.85
7/7/2022,1.89
7/8/2022,1.91
7/11/2022,2.13
7/12/2022,2.16
7/13/2022,2.33
7/14/2022,2.33
7/15/2022,2.29
7/18/2022,2.44
7/19/2022,2.46
7/20/2022,2.44
7/21/2022,2.4
7/22/2022,2.41
7/25/2022,2.55
7/26/2022,2.48
7/27/2022,2.37
7/28/2022,2.35
7/29/2022,2.34
8/1/2022,2.48
8/2/2022,2.48
8/3/2022,2.44
8/4/2022,2.41
8/5/2022,2.48
8/8/2022,2.57
8/9/2022,2.58
8/10/2022,2.56
8/11/2022,2.52
8/12/2022,2.53
8/15/2022,2.63
8/16/2022,2.61
8/17/2022,2.59
8/18/2022,2.61
8/19/2022,2.64
8/22/2022,2.74
8/23/2022,2.71
8/24/2022,2.73
8/25/2022,2.78
8/26/2022,2.78
8/29/2022,2.89
8/30/2022,2.88
8/31/2022,2.87
9/1/2022,2.88
9/2/2022,2.85
9/5/2022,
9/6/2022,2.96
9/7/2022,2.98
9/8/2022,2.97
9/9/2022,2.98
9/12/2022,3.09
9/13/2022,3.19
9/14/2022,3.14
9/15/2022,3.12
9/16/2022,3.1
9/19/2022,3.29
9/20/2022,3.26
9/21/2022,3.21
9/22/2022,3.19
9/23/2022,3.12
9/26/2022,3.3
9/27/2022,3.26
9/28/2022,3.29
9/29/2022,3.26
9/30/2022,3.22
10/3/2022,3.34
10/4/2022,3.32
10/5/2022,3.33
10/6/2022,3.32
10/7/2022,3.31
10/10/2022,
10/11/2022,3.53
10/12/2022,3.56
10/13/2022,3.64
10/14/2022,3.65
10/17/2022,3.82
10/18/2022,3.89
10/19/2022,3.91
10/20/2022,3.91
10/21/2022,3.9
10/24/2022,4
10/25/2022,3.97
10/26/2022,3.94
10/27/2022,3.95
10/28/2022,3.99
10/31/2022,4.06
11/1/2022,4.06
11/2/2022,4.04
11/3/2022,4.06
11/4/2022,4.02
11/7/2022,4.12
11/8/2022,4.1
11/9/2022,4.11
11/10/2022,4.09
11/11/2022,
11/14/2022,4.16
11/15/2022,4.14
11/16/2022,4.14
11/17/2022,4.13
11/18/2022,4.15
11/21/2022,4.23
11/22/2022,4.21
11/23/2022,4.21
11/24/2022,
11/25/2022,4.22
11/28/2022,4.3
11/29/2022,4.27
11/30/2022,4.27
12/1/2022,4.22
12/2/2022,4.22
12/5/2022,4.27
12/6/2022,4.27
12/7/2022,4.2
12/8/2022,4.17
12/9/2022,4.19
12/12/2022,4.29
12/13/2022,4.26
12/14/2022,4.23
12/15/2022,4.22
12/16/2022,4.2
12/19/2022,4.28
12/20/2022,4.25
12/21/2022,4.22
12/22/2022,4.24
12/23/2022,4.23
12/26/2022,
12/27/2022,4.35
12/28/2022,4.35
12/29/2022,4.34
12/30/2022,4.3
1/2/2023,
1/3/2023,4.4
1/4/2023,4.41
1/5/2023,4.51
1/6/2023,4.51
1/9/2023,4.55
1/10/2023,4.57
1/11/2023,4.57
1/12/2023,4.5
1/13/2023,4.51
1/16/2023,
1/17/2023,4.56
1/18/2023,4.54
1/19/2023,4.55
1/20/2023,4.57
1/23/2023,4.58
1/24/2023,4.57
1/25/2023,4.56
1/26/2023,4.55
1/27/2023,4.57
1/30/2023,4.59
1/31/2023,4.58
2/1/2023,4.54
2/2/2023,4.53
2/3/2023,4.57
2/6/2023,4.59
2/7/2023,4.59
2/8/2023,4.59
2/9/2023,4.64
2/10/2023,4.66
2/13/2023,4.68
2/14/2023,4.67
2/15/2023,4.66
2/16/2023,4.7
2/17/2023,4.7
2/20/2023,
2/21/2023,4.72
2/22/2023,4.71
2/23/2023,4.71
2/24/2023,4.72
2/27/2023,4.74
2/28/2023,4.72
3/1/2023,4.73
3/2/2023,4.74
3/3/2023,4.74
3/6/2023,4.76
3/7/2023,4.87
3/8/2023,4.89
3/9/2023,4.87
3/10/2023,4.83
3/13/2023,4.7
3/14/2023,4.71
3/15/2023,4.59
3/16/2023,4.57
3/17/2023,4.36
3/20/2023,4.65
3/21/2023,4.62
3/22/2023,4.63
3/23/2023,4.57
3/24/2023,4.57
3/27/2023,4.75
3/28/2023,4.64
3/29/2023,4.64
3/30/2023,4.8
3/31/2023,4.68
4/3/2023,4.77
4/4/2023,4.74
4/5/2023,4.72
4/6/2023,4.77
4/7/2023,4.81
4/10/2023,4.94
4/11/2023,4.89
4/12/2023,4.87
4/13/2023,4.95
4/14/2023,4.98
4/17/2023,5.06
4/18/2023,5.04
4/19/2023,5.01
4/20/2023,4.97
4/21/2023,4.98
4/24/2023,5.04
4/25/2023,4.97
4/26/2023,5
4/27/2023,5.03
4/28/2023,4.95
5/1/2023,5.1
5/2/2023,5.08
5/3/2023,5.09
5/4/2023,5.1
5/5/2023,5.1
5/8/2023,5.15
5/9/2023,5.13
5/10/2023,5.08
5/11/2023,5.04
5/12/2023,5.08
5/15/2023,5.06
5/16/2023,5.07
5/17/2023,5.1
5/18/2023,5.14
5/19/2023,5.12
5/22/2023,5.24
5/23/2023,5.18
5/24/2023,5.21
5/25/2023,5.21
5/26/2023,5.16
5/29/2023,
5/30/2023,5.28
5/31/2023,5.26
6/1/2023,5.24
6/2/2023,5.23
6/5/2023,5.2
6/6/2023,5.18
6/7/2023,5.16
6/8/2023,5.12
6/9/2023,5.11
6/12/2023,5.14
6/13/2023,5.11
6/14/2023,5.1
6/15/2023,5.07
6/16/2023,5.09
6/19/2023,
6/20/2023,5.14
6/21/2023,5.15
6/22/2023,5.15
6/23/2023,5.15
6/26/2023,5.24
6/27/2023,5.19
6/28/2023,5.18
6/29/2023,5.2
6/30/2023,5.17
7/3/2023,5.21
7/4/2023,
7/5/2023,5.21
7/6/2023,5.23
7/7/2023,5.22
7/10/2023,5.25
7/11/2023,5.25
7/12/2023,5.24
7/13/2023,5.24
7/14/2023,5.25
7/17/2023,5.26
7/18/2023,5.25
7/19/2023,5.26
7/20/2023,5.26
7/21/2023,5.27
7/24/2023,5.28
7/25/2023,5.28
7/26/2023,5.28
7/27/2023,5.28
7/28/2023,5.28
7/31/2023,5.28
8/1/2023,5.27
8/2/2023,5.27
8/3/2023,5.27
8/4/2023,5.28
8/7/2023,5.29
8/8/2023,5.3
8/9/2023,5.28
8/10/2023,5.28
8/11/2023,5.28
8/14/2023,5.29
8/15/2023,5.29
8/16/2023,5.29
8/17/2023,5.29
8/18/2023,5.28
8/21/2023,5.3
8/22/2023,5.3
8/23/2023,5.3
8/24/2023,5.31
8/25/2023,5.34
8/28/2023,5.34
8/29/2023,5.33
8/30/2023,5.32
8/31/2023,5.32
9/1/2023,5.3
9/4/2023,
9/5/2023,5.32
9/6/2023,5.31
9/7/2023,5.3
9/8/2023,5.31
9/11/2023,5.32
9/12/2023,5.32
9/13/2023,5.31
9/14/2023,5.31
9/15/2023,5.32
9/18/2023,5.31
9/19/2023,5.31
9/20/2023,5.33
9/21/2023,5.33
9/22/2023,5.32
9/25/2023,5.35
9/26/2023,5.34
9/27/2023,5.34
9/28/2023,5.32
9/29/2023,5.32
10/2/2023,5.35
10/3/2023,5.35
10/4/2023,5.34
10/5/2023,5.34
10/6/2023,5.36
10/9/2023,
10/10/2023,5.34
10/11/2023,5.34
10/12/2023,5.35
10/13/2023,5.35
10/16/2023,5.34
10/17/2023,5.35
10/18/2023,5.34
10/19/2023,5.33
10/20/2023,5.31
10/23/2023,5.32
10/24/2023,5.31
10/25/2023,5.32
10/26/2023,5.32
10/27/2023,5.32
10/30/2023,5.33
10/31/2023,5.33
11/1/2023,5.31
11/2/2023,5.28
11/3/2023,5.27
11/6/2023,5.29
11/7/2023,5.28
11/8/2023,5.28
11/9/2023,5.27
11/10/2023,5.26
11/13/2023,5.28
11/14/2023,5.26
11/15/2023,5.26
11/16/2023,5.25
11/17/2023,5.25
11/20/2023,5.27
11/21/2023,5.26
11/22/2023,5.27
11/23/2023,
11/24/2023,5.28
11/27/2023,5.28
11/28/2023,5.27
11/29/2023,5.25
11/30/2023,5.25
12/1/2023,5.23
12/4/2023,5.26
12/5/2023,5.25
12/6/2023,5.25
12/7/2023,5.24
12/8/2023,5.24
12/11/2023,5.26
12/12/2023,5.26
12/13/2023,5.24
12/14/2023,5.23
12/15/2023,5.24
12/18/2023,5.26
12/19/2023,5.23
12/20/2023,5.24
12/21/2023,5.22
12/22/2023,5.24
12/25/2023,
12/26/2023,5.25
12/27/2023,5.24
12/28/2023,5.25
12/29/2023,5.2
1/1/2024,
1/2/2024,5.22
1/3/2024,5.24
1/4/2024,5.24
1/5/2024,5.24
1/8/2024,5.25
1/9/2024,5.24
1/10/2024,5.23
1/11/2024,5.23
1/12/2024,5.22
1/15/2024,
1/16/2024,5.22
1/17/2024,5.24
1/18/2024,5.22
1/19/2024,5.22
1/22/2024,5.22
1/23/2024,5.21
1/24/2024,5.21
1/25/2024,5.21
1/26/2024,5.21
1/29/2024,5.22
1/30/2024,5.21
1/31/2024,5.22
2/1/2024,5.22
2/2/2024,5.23
2/5/2024,5.22
2/6/2024,5.23
2/7/2024,5.23
2/8/2024,5.23
2/9/2024,5.24
2/12/2024,5.23
2/13/2024,5.25
2/14/2024,5.23
2/15/2024,5.23
2/16/2024,5.24
2/19/2024,
2/20/2024,5.24
2/21/2024,5.24
2/22/2024,5.25
2/23/2024,5.26
2/26/2024,5.26
2/27/2024,5.25
2/28/2024,5.24
2/29/2024,5.25
3/1/2024,5.23
3/4/2024,5.24
3/5/2024,5.23
3/6/2024,5.24
3/7/2024,5.24
3/8/2024,5.24
3/11/2024,5.24
3/12/2024,5.25
3/13/2024,5.25
3/14/2024,5.25
3/15/2024,5.25
3/18/2024,5.25
3/19/2024,5.24
3/20/2024,5.24
3/21/2024,5.25
3/22/2024,5.24
3/25/2024,5.23
3/26/2024,5.22
3/27/2024,5.22
3/28/2024,5.23
3/29/2024,
4/1/2024,5.23
4/2/2024,5.22
4/3/2024,5.22
4/4/2024,5.21
4/5/2024,5.23
4/8/2024,5.23
4/9/2024,5.23
4/10/2024,5.25
4/11/2024,5.25
4/12/2024,5.25
4/15/2024,5.25
4/16/2024,5.25
4/17/2024,5.25
4/18/2024,5.25
4/19/2024,5.25
4/22/2024,5.22
4/23/2024,5.25
4/24/2024,5.26
4/25/2024,5.26
4/26/2024,5.25
4/29/2024,5.25
4/30/2024,5.25
5/1/2024,5.26
5/2/2024,5.25
5/3/2024,5.25
5/6/2024,5.25
5/7/2024,5.25
5/8/2024,5.25
5/9/2024,5.25
5/10/2024,5.26
5/13/2024,5.25
5/14/2024,5.24
5/15/2024,5.25
5/16/2024,5.25
5/17/2024,5.25
5/20/2024,5.25
5/21/2024,5.25
5/22/2024,5.25
5/23/2024,5.26
5/24/2024,5.26
5/27/2024,
5/28/2024,5.26
5/29/2024,5.26
5/30/2024,5.26
5/31/2024,5.25
6/3/2024,5.26
6/4/2024,5.25
6/5/2024,5.25
6/6/2024,5.25
6/7/2024,5.26
6/10/2024,5.25
6/11/2024,5.25
6/12/2024,5.25
6/13/2024,5.25
6/14/2024,5.25
6/17/2024,5.25
6/18/2024,5.24
6/19/2024,
6/20/2024,5.24
6/21/2024,5.23
6/24/2024,5.24
6/25/2024,5.23
6/26/2024,5.24
6/27/2024,5.23
6/28/2024,5.22
7/1/2024,5.24
7/2/2024,5.24
7/3/2024,5.24
7/4/2024,
7/5/2024,5.23
7/8/2024,5.23
7/9/2024,5.23
7/10/2024,5.23
7/11/2024,5.21
7/12/2024,5.21
7/15/2024,5.2
7/16/2024,5.2
7/17/2024,5.2
7/18/2024,5.21
7/19/2024,5.2
7/22/2024,5.19
7/23/2024,5.18
7/24/2024,5.18
7/25/2024,5.17
7/26/2024,5.16
7/29/2024,5.15
7/30/2024,5.14
7/31/2024,5.15
8/1/2024,5.12
8/2/2024,5.05
8/5/2024,5.09
8/6/2024,5.09
8/7/2024,5.09
8/8/2024,5.09
8/9/2024,5.09
8/12/2024,5.07
8/13/2024,5.06
8/14/2024,5.07
8/15/2024,5.09
8/16/2024,5.08
8/19/2024,5.06
8/20/2024,5.04
8/21/2024,5.02
8/22/2024,5.04
8/23/2024,5.01
8/26/2024,4.98
8/27/2024,4.98
8/28/2024,4.96
8/29/2024,4.98
8/30/2024,4.98
